{
  "exp_name": "TUH Experiment",
  "training_params": {
    "cuda": true,
    "gpu_device": [0],
    "seed": 109,
    "batch_size": 128,
    "test_batch_size": 128,
    "pin_memory": true,
    "data_loader_workers": 8,
    "tdqm_disable": true,
    "wandb_disable": true
  },
  "scheduler": {
    "type":"CosineAnnealingWarmRestarts",
    "T_0": 10,
    "T_mult": 1},
  "optimizer": {
    "type": "Adam",
    "lr": 0.001,
    "weight_decay":  0.0001,
    "beta1": 0.9,
    "beta2": 0.999
  },
  "early_stopping": {
    "max_epoch": 150,
    "n_steps_stop": 50,
    "n_steps_stop_after": 0
  },
  "dataset": {
    "dataloader_class": "TUHSeizIT2_Dataloader",
      "window_size": 4096,
      "fs": 200,
      "stride": 4096,
      "discard_full_prob": 0.5,
      "ratio_sz_nsz": 0.5,
      "data_path": { "tuh": "/esat/biomeddata/kkontras/TUH/tuh_eeg/tuh_eeg_seizure/v2.0.3/TUH.h5"}
  },
  "model": {
    "save_base_dir": "/esat/smcdata/users/kkontras/Image_Dataset/no_backup/data/2023_data/TUH_models/"
  }
}
