{
  "model": {
    "model_class": "Unimodal",
    "args": {
      "augment_with_surrogates": false,
      "validate_with": "loss"
    },
    "encoders": [
        {
            "model_class": "UNet1D",
            "args": {
              "n_filters": 8,
              "n_channels": 18,
              "window_size": 4096,
              "preproc": "wiener"
            },
          "pretrainedEncoder": {"use": true, "dir": "neureka_pytorch_wiener.pth"}
        }
        ],
    "load_ongoing": true,
    "save_dir": "unet_wiener{}.pth"
  }
}
